Player,Spotrac_ID,Team,Salary,Signed_Using,Trade_Kicker,Can_Block
Blake Griffin,http://www.spotrac.com/redirect/player/6501/,LAC,29512900,Bird,True,
DeAndre Jordan,http://www.spotrac.com/redirect/player/6117/,LAC,22642350,Bird,True,
Danilo Gallinari,http://www.spotrac.com/redirect/player/6138/,LAC,20559599,Bird,,
Austin Rivers,http://www.spotrac.com/redirect/player/10818/,LAC,11825000,Early Bird,,
Louis Williams,http://www.spotrac.com/redirect/player/2657/,LAC,7000000,Cap Space,,
Milos Teodosic,http://www.spotrac.com/redirect/player/24094/,LAC,6000000,MLE,True,
Wesley Johnson,http://www.spotrac.com/redirect/player/6885/,LAC,5881260,MLE,,
Patrick Beverley,http://www.spotrac.com/redirect/player/6297/,LAC,5513513,Bird,,
Sam Dekker,http://www.spotrac.com/redirect/player/17846/,LAC,1794600,Rookie,,
Willie Reed,http://www.spotrac.com/redirect/player/11665/,LAC,1471382,Minimum,,
Montrezl Harrell,http://www.spotrac.com/redirect/player/17860/,LAC,1471382,MLE,,
Brice Johnson,http://www.spotrac.com/redirect/player/20230/,LAC,1331160,Rookie,,
Marshall Plumlee,http://www.spotrac.com/redirect/player/20282/,LAC,1312611,Minimum,,
Jawun Evans,http://www.spotrac.com/redirect/player/23634/,LAC,815615,MLE,,
LaDontae Henton,http://www.spotrac.com/redirect/player/24409/,LAC,815615,,,
Sindarius Thornwell,http://www.spotrac.com/redirect/player/23649/,LAC,815615,MLE,,
Tyrone Wallace,http://www.spotrac.com/redirect/player/20266/,LAC,815615,Minimum,,
Andre Drummond,http://www.spotrac.com/redirect/player/10817/,DET,23775506,Bird,True,
Tobias Harris,http://www.spotrac.com/redirect/player/8070/,DET,16000000,Bird,,
Reggie Jackson,http://www.spotrac.com/redirect/player/8075/,DET,16000000,Bird,,
Jon Leuer,http://www.spotrac.com/redirect/player/8092/,DET,10497319,Cap Space,,
Avery Bradley,http://www.spotrac.com/redirect/player/6901/,DET,8808989,Bird,,
Boban Marjanovic,http://www.spotrac.com/redirect/player/17984/,DET,7000000,Cap Space,,
Langston Galloway,http://www.spotrac.com/redirect/player/15824/,DET,6666667,MLE,,
Ishmael Smith,http://www.spotrac.com/redirect/player/7116/,DET,6000000,Cap Space,,
Anthony Tolliver,http://www.spotrac.com/redirect/player/6483/,DET,3290000,Bi-Annual,,
Stanley Johnson,http://www.spotrac.com/redirect/player/17836/,DET,3097800,Rookie,,
Luke Kennard,http://www.spotrac.com/redirect/player/23607/,DET,2759280,Rookie,,
Reggie Bullock,http://www.spotrac.com/redirect/player/13338/,DET,2500000,Bird,,
Henry Ellenson,http://www.spotrac.com/redirect/player/20223/,DET,1780800,Rookie,,
Eric Moreland,http://www.spotrac.com/redirect/player/15622/,DET,1739333,MLE,,
Beno Udrih,http://www.spotrac.com/redirect/player/2697/,DET,1471382,Minimum,,
Kent Bazemore,http://www.spotrac.com/redirect/player/11079/,ATL,16910113,Cap Space,,
Dennis Schr√∂der,http://www.spotrac.com/redirect/player/13330/,ATL,15500000,Bird,,
Miles Plumlee,http://www.spotrac.com/redirect/player/10851/,ATL,12500000,Bird,,
Marco Belinelli,http://www.spotrac.com/redirect/player/2314/,ATL,6606061,Cap Space,,
Dewayne Dedmon,http://www.spotrac.com/redirect/player/13536/,ATL,6000000,Cap Space,,
Ersan Ilyasova,http://www.spotrac.com/redirect/player/6341/,ATL,6000000,Cap Space,,True
Mike Muscala,http://www.spotrac.com/redirect/player/13357/,ATL,5000000,Bird,,True
Malcom Delaney,http://www.spotrac.com/redirect/player/20666/,ATL,2500000,Cap Space,,
Taurean Prince,http://www.spotrac.com/redirect/player/20217/,ATL,2422560,Rookie,,
John Collins,http://www.spotrac.com/redirect/player/23614/,ATL,1936920,Rookie,,
DeAndre' Bembry,http://www.spotrac.com/redirect/player/20226/,ATL,1567200,Rookie,,
Luke Babbitt,http://www.spotrac.com/redirect/player/6898/,ATL,1471382,Minimum,,
Nicolas Brussino,http://www.spotrac.com/redirect/player/20754/,ATL,1312611,Cap Space,,
Quinn Cook,http://www.spotrac.com/redirect/player/18264/,ATL,1312611,Minimum,,
Tyler Cavanaugh,http://www.spotrac.com/redirect/player/24294/,ATL,815615,Minimum,,
Tyler Dorsey,http://www.spotrac.com/redirect/player/23642/,ATL,815615,Minimum,,
Otto Porter Jr.,http://www.spotrac.com/redirect/player/13316/,WAS,24773250,Cap Space,True,
Bradley Beal,http://www.spotrac.com/redirect/player/10811/,WAS,23775506,Bird,,
John Wall,http://www.spotrac.com/redirect/player/6882/,WAS,18063850,Bird,True,True
Ian Mahinmi,http://www.spotrac.com/redirect/player/2708/,WAS,16661641,Cap Space,,
Marcin Gortat,http://www.spotrac.com/redirect/player/2639/,WAS,12782609,Bird,,
Markieff Morris,http://www.spotrac.com/redirect/player/8064/,WAS,8000000,Bird,,
Jason Smith,http://www.spotrac.com/redirect/player/2656/,WAS,5225000,Cap Space,,
Jodie Meeks,http://www.spotrac.com/redirect/player/6300/,WAS,3290000,Mini MLE,,
Tomas Satoransky,http://www.spotrac.com/redirect/player/10857/,WAS,3000000,Cap Space,,
Kelly Oubre,http://www.spotrac.com/redirect/player/17843/,WAS,2093040,Rookie,,
Tim Frazier,http://www.spotrac.com/redirect/player/15755/,WAS,2000000,Non-Bird,,
Mike Scott,http://www.spotrac.com/redirect/player/10868/,WAS,1471382,Minimum,,
Chris McCullough,http://www.spotrac.com/redirect/player/17857/,WAS,1471382,Rookie,,
Sheldon McLellan,http://www.spotrac.com/redirect/player/20279/,WAS,1312611,Minimum,,
Daniel Ochefu,http://www.spotrac.com/redirect/player/20746/,WAS,1312611,Cap Space,,
J.J. Redick,http://www.spotrac.com/redirect/player/2643/,PHI,23000000,Cap Space,True,
Amir Johnson,http://www.spotrac.com/redirect/player/2304/,PHI,11000000,Cap Space,,
Jerryd Bayless,http://www.spotrac.com/redirect/player/6150/,PHI,9000000,Cap Space,,
Markelle Fultz,http://www.spotrac.com/redirect/player/23596/,PHI,7026240,Rookie,,
Ben Simmons,http://www.spotrac.com/redirect/player/20206/,PHI,6168840,Rookie,,
Joel Embiid,http://www.spotrac.com/redirect/player/15355/,PHI,6100266,Rookie,,
Jahlil Okafor,http://www.spotrac.com/redirect/player/17831/,PHI,4995120,Rookie,,
Nik Stauskas,http://www.spotrac.com/redirect/player/15360/,PHI,3807147,Rookie,,
Dario Saric,http://www.spotrac.com/redirect/player/15364/,PHI,2422560,Rookie,,
Justin Anderson,http://www.spotrac.com/redirect/player/17849/,PHI,1579440,Rookie,,
Robert Covington,http://www.spotrac.com/redirect/player/13379/,PHI,1577230,Cap Space,,
Richaun Holmes,http://www.spotrac.com/redirect/player/17865/,PHI,1471382,Cap Space,,
T.J. McConnell,http://www.spotrac.com/redirect/player/18252/,PHI,1471382,Minimum,,
Furkan Korkmaz,http://www.spotrac.com/redirect/player/20231/,PHI,1465920,Rookie,,
Timothe Luwawu-Cabarrot,http://www.spotrac.com/redirect/player/20229/,PHI,1386600,Rookie,,
Stephen Curry,http://www.spotrac.com/redirect/player/6287/,GSW,34682550,Bird,True,True
Kevin Durant,http://www.spotrac.com/redirect/player/2717/,GSW,25000000,Non-Bird,True,True
Klay Thompson,http://www.spotrac.com/redirect/player/8062/,GSW,17826150,Bird,,
Draymond Green,http://www.spotrac.com/redirect/player/10860/,GSW,16400000,Bird,,
Andre Iguodala,http://www.spotrac.com/redirect/player/2652/,GSW,14814815,Bird,,
Shaun Livingston,http://www.spotrac.com/redirect/player/2477/,GSW,7692308,Bird,,
Nick Young,http://www.spotrac.com/redirect/player/2770/,GSW,5192000,Mini MLE,,
Zaza Pachulia,http://www.spotrac.com/redirect/player/2203/,GSW,3477600,Non-Bird,,True
David West,http://www.spotrac.com/redirect/player/2613/,GSW,1471382,Minimum,,True
JaVale McGee,http://www.spotrac.com/redirect/player/6159/,GSW,1471382,Minimum,,True
Omri Casspi,http://www.spotrac.com/redirect/player/6325/,GSW,1471382,Minimum,,
Kevon Looney,http://www.spotrac.com/redirect/player/17858/,GSW,1471382,Rookie,,
Damian Jones,http://www.spotrac.com/redirect/player/20235/,GSW,1312611,Rookie,,
Patrick McCaw,http://www.spotrac.com/redirect/player/20244/,GSW,1312611,Minimum,,
Georges Niang,http://www.spotrac.com/redirect/player/20256/,GSW,1312611,Minimum,,
Jordan Bell,http://www.spotrac.com/redirect/player/23633/,GSW,815615,Minimum,,
Antonius Cleveland,http://www.spotrac.com/redirect/player/24370/,GSW,815615,Minimum,,
Brook Lopez,http://www.spotrac.com/redirect/player/6136/,LAL,22642350,Bird,,
Kentavious Caldwell-Pope,http://www.spotrac.com/redirect/player/13321/,LAL,17745894,Cap Space,True,
Luol Deng,http://www.spotrac.com/redirect/player/2240/,LAL,17190000,Cap Space,,
Jordan Clarkson,http://www.spotrac.com/redirect/player/15398/,LAL,11562500,Early Bird,,
Corey Brewer,http://www.spotrac.com/redirect/player/2573/,LAL,7579366,Cap Space,,
Lonzo Ball,http://www.spotrac.com/redirect/player/23597/,LAL,6286560,Rookie,,
Brandon Ingram,http://www.spotrac.com/redirect/player/20207/,LAL,5519400,Rookie,,
Julius Randle,http://www.spotrac.com/redirect/player/15359/,LAL,4149242,Rookie,,
Tyler Ennis,http://www.spotrac.com/redirect/player/15370/,LAL,1524305,Minimum,,
Andrew Bogut,http://www.spotrac.com/redirect/player/2560/,LAL,1471382,Minimum,,
Vander Blue,http://www.spotrac.com/redirect/player/13573/,LAL,1471382,Minimum,,
Larry Nance Jr.,http://www.spotrac.com/redirect/player/17855/,LAL,1471382,Rookie,,
Briante Weber,http://www.spotrac.com/redirect/player/18287/,LAL,1471382,Minimum,,
Kyle Kuzma,http://www.spotrac.com/redirect/player/23622/,LAL,1423560,Rookie,,
Josh Hart,http://www.spotrac.com/redirect/player/23625/,LAL,1394520,Rookie,,
Stephen Zimmerman,http://www.spotrac.com/redirect/player/20247/,LAL,1312611,Minimum,,
Ivica Zubac,http://www.spotrac.com/redirect/player/20238/,LAL,1312611,Cap Space,,
Thomas Bryant,http://www.spotrac.com/redirect/player/23643/,LAL,815615,Minimum,,
Bismack Biyombo,http://www.spotrac.com/redirect/player/8057/,ORL,17000000,Cap Space,,
Evan Fournier,http://www.spotrac.com/redirect/player/10845/,ORL,17000000,Bird,,
Nikola Vucevic,http://www.spotrac.com/redirect/player/8067/,ORL,12250000,Bird,,
Terrence Ross,http://www.spotrac.com/redirect/player/10816/,ORL,10500000,Bird,,
D.J. Augustin,http://www.spotrac.com/redirect/player/6088/,ORL,7250000,Cap Space,,
Jonathon Simmons,http://www.spotrac.com/redirect/player/17983/,ORL,6300000,Cap Space,,
Shelvin Mack,http://www.spotrac.com/redirect/player/8086/,ORL,6000000,Cap Space,,
Aaron Gordon,http://www.spotrac.com/redirect/player/15356/,ORL,5504420,Rookie,,
Jonathan Isaac,http://www.spotrac.com/redirect/player/23601/,ORL,4186320,Rookie,,
Mario Hezonja,http://www.spotrac.com/redirect/player/17833/,ORL,4078320,Rookie,,
Elfrid Payton,http://www.spotrac.com/redirect/player/15362/,ORL,3332340,Rookie,,
Arron Afflalo,http://www.spotrac.com/redirect/player/2297/,ORL,1471382,Minimum,,
Marreese Speights,http://www.spotrac.com/redirect/player/6145/,ORL,1471382,Minimum,,
Damjan Rudez,http://www.spotrac.com/redirect/player/15567/,ORL,1471382,Minimum,,True
Wesley Iwundu,http://www.spotrac.com/redirect/player/23628/,ORL,1050000,Cap Space,,
Khem Birch,http://www.spotrac.com/redirect/player/15786/,ORL,815615,Minimum,,
Victor Oladipo,http://www.spotrac.com/redirect/player/13315/,IND,21000000,Bird,,
Thaddeus Young,http://www.spotrac.com/redirect/player/2658/,IND,14796348,Bird,,
Bojan Bogdanovic,http://www.spotrac.com/redirect/player/8083/,IND,10500000,Cap Space,,
Darren Collison,http://www.spotrac.com/redirect/player/6307/,IND,10000000,Cap Space,,
Al Jefferson,http://www.spotrac.com/redirect/player/2579/,IND,9769821,Cap Space,,
Cory Joseph,http://www.spotrac.com/redirect/player/8080/,IND,7630000,Cap Space,,
Lance Stephenson,http://www.spotrac.com/redirect/player/6922/,IND,4180000,Cap Space,,
Myles Turner,http://www.spotrac.com/redirect/player/17839/,IND,2569920,Rookie,,
Domantas Sabonis,http://www.spotrac.com/redirect/player/20216/,IND,2550000,Rookie,,
TJ Leaf,http://www.spotrac.com/redirect/player/23613/,IND,2028360,Rookie,,
Glen Robinson III,http://www.spotrac.com/redirect/player/15392/,IND,1524305,Cap Space,,
Damien Wilkins,http://www.spotrac.com/redirect/player/6143/,IND,1471382,Minimum,,
Joseph Young,http://www.spotrac.com/redirect/player/17871/,IND,1471382,Cap Space,,
Jarrod Uthoff,http://www.spotrac.com/redirect/player/20896/,IND,1312611,Minimum,,
Ike Anigbogu,http://www.spotrac.com/redirect/player/23648/,IND,950000,Cap Space,,
Enes Kanter,http://www.spotrac.com/redirect/player/8053/,NYK,20566801,Bird,True,
Tim Hardaway Jr.,http://www.spotrac.com/redirect/player/13337/,NYK,16500000,Cap Space,True,
Courtney Lee,http://www.spotrac.com/redirect/player/6144/,NYK,11747890,Cap Space,,
Lance Thomas,http://www.spotrac.com/redirect/player/8713/,NYK,6655325,Early Bird,,
Kristaps Porzingis,http://www.spotrac.com/redirect/player/17832/,NYK,4503600,Rookie,,
Ron Baker,http://www.spotrac.com/redirect/player/20278/,NYK,4328000,Room,,
Kyle O'Quinn,http://www.spotrac.com/redirect/player/10874/,NYK,4087500,Bird,,
Frank Ntilinkina,http://www.spotrac.com/redirect/player/23603/,NYK,3501120,Rookie,,
Doug McDermott,http://www.spotrac.com/redirect/player/15363/,NYK,3294994,Rookie,,
Mindaugas Kuzminskas,http://www.spotrac.com/redirect/player/20688/,NYK,3025035,Room,,
Jarrett Jack,http://www.spotrac.com/redirect/player/2675/,NYK,1471382,Minimum,,
Ramon Sessions,http://www.spotrac.com/redirect/player/2566/,NYK,1471382,Minimum,,
Michael Beasley,http://www.spotrac.com/redirect/player/6127/,NYK,1471382,Minimum,,
Willy Hernangomez,http://www.spotrac.com/redirect/player/17863/,NYK,1435750,Cap Space,,
Jamel Artis,http://www.spotrac.com/redirect/player/23716/,NYK,815615,Minimum,,
Nigel Hayes,http://www.spotrac.com/redirect/player/23669/,NYK,815615,Minimum,,
Xavier Rathan-Mayes,http://www.spotrac.com/redirect/player/24382/,NYK,815615,Minimum,,
Paul Millsap,http://www.spotrac.com/redirect/player/2754/,DEN,31269231,Cap Space,,
Mason Plumlee,http://www.spotrac.com/redirect/player/13335/,DEN,14041096,Bird,,
Kenneth Faried,http://www.spotrac.com/redirect/player/8073/,DEN,12921348,Bird,,
Wilson Chandler,http://www.spotrac.com/redirect/player/2616/,DEN,12016854,Bird,,
Darrell Arthur,http://www.spotrac.com/redirect/player/6121/,DEN,7464912,Non-Bird,,
Jameer Nelson,http://www.spotrac.com/redirect/player/2642/,DEN,4736050,Cap Space,,
Will Barton,http://www.spotrac.com/redirect/player/10865/,DEN,3533333,Bird,,
Emmanuel Mudiay,http://www.spotrac.com/redirect/player/17835/,DEN,3381480,Rookie,,
Jamal Murray,http://www.spotrac.com/redirect/player/20212/,DEN,3355320,Rookie,,
Gary Harris,http://www.spotrac.com/redirect/player/15371/,DEN,2550055,Rookie,,
Trey Lyles,http://www.spotrac.com/redirect/player/17840/,DEN,2441400,Rookie,,
Juan Hernangomez,http://www.spotrac.com/redirect/player/20220/,DEN,2076840,Rookie,,
Malik Beasley,http://www.spotrac.com/redirect/player/20224/,DEN,1700640,Rookie,,
Tyler Lydon,http://www.spotrac.com/redirect/player/23619/,DEN,1579440,Rookie,,
Josh Childress,http://www.spotrac.com/redirect/player/6968/,DEN,1471382,Minimum,,
Nikola Jokic,http://www.spotrac.com/redirect/player/15393/,DEN,1471382,Cap Space,,
James Harden,http://www.spotrac.com/redirect/player/6312/,HOU,28299399,Cap Space,True,True
Chris Paul,http://www.spotrac.com/redirect/player/2609/,HOU,24599459,Bird,True,
Ryan Anderson,http://www.spotrac.com/redirect/player/6133/,HOU,19578454,Cap Space,,
Eric Gordon,http://www.spotrac.com/redirect/player/6116/,HOU,12943020,Cap Space,,
P.J. Tucker,http://www.spotrac.com/redirect/player/11059/,HOU,7590035,MLE,,
Trevor Ariza,http://www.spotrac.com/redirect/player/2513/,HOU,7420912,Cap Space,,
Nene Hilario,http://www.spotrac.com/redirect/player/6103/,HOU,3477600,Non-Bird,,
Tarik Black,http://www.spotrac.com/redirect/player/15767/,HOU,3290000,Bi-Annual,True,
Clint Capela,http://www.spotrac.com/redirect/player/15377/,HOU,2334528,Rookie,,
Luc Richard Mbah a Moute,http://www.spotrac.com/redirect/player/6130/,HOU,1471382,Minimum,,
Christapher Johnson,http://www.spotrac.com/redirect/player/11587/,HOU,1471382,Minimum,,
Troy Williams,http://www.spotrac.com/redirect/player/20919/,HOU,1471382,Cap Space,,
Bobby Brown,http://www.spotrac.com/redirect/player/6131/,HOU,1312611,,,
Shawn Long,http://www.spotrac.com/redirect/player/20287/,HOU,1312611,Cap Space,,
Chinanu Onuaku,http://www.spotrac.com/redirect/player/20243/,HOU,1312611,Cap Space,,
Tim Quarterman,http://www.spotrac.com/redirect/player/20910/,HOU,1312611,Minimum,,
Isaiah Taylor,http://www.spotrac.com/redirect/player/20273/,HOU,1312611,Cap Space,,
Cameron Oliver,http://www.spotrac.com/redirect/player/23665/,HOU,815615,Minimum,,
Zhou Qi,http://www.spotrac.com/redirect/player/20249/,HOU,815615,MLE,,
LaMarcus Aldridge,http://www.spotrac.com/redirect/player/2672/,SAS,21461010,Cap Space,True,
Kawhi Leonard,http://www.spotrac.com/redirect/player/8066/,SAS,18868625,Bird,True,
Pau Gasol,http://www.spotrac.com/redirect/player/2518/,SAS,16000000,Non-Bird,,
Tony Parker,http://www.spotrac.com/redirect/player/2710/,SAS,15453126,Bird,,
Patrick Mills,http://www.spotrac.com/redirect/player/6322/,SAS,10714286,Bird,,
Danny Green,http://www.spotrac.com/redirect/player/6277/,SAS,10000000,Bird,,
Rudy Gay,http://www.spotrac.com/redirect/player/2534/,SAS,8406000,MLE,,
Manu Ginobili,http://www.spotrac.com/redirect/player/2705/,SAS,2500000,Bird,,
Kyle Anderson,http://www.spotrac.com/redirect/player/15382/,SAS,2151704,Rookie,,
Joffrey Lauvergne,http://www.spotrac.com/redirect/player/13368/,SAS,1524305,Minimum,,
Derrick White,http://www.spotrac.com/redirect/player/23624/,SAS,1404600,Rookie,,
Davis Bertans,http://www.spotrac.com/redirect/player/8094/,SAS,1312611,Minimum,,
Bryn Forbes,http://www.spotrac.com/redirect/player/20796/,SAS,1312611,Minimum,,
Dejounte Murray,http://www.spotrac.com/redirect/player/20234/,SAS,1312611,Rookie,,
Brandon Paul,http://www.spotrac.com/redirect/player/20889/,SAS,815615,Minimum,,
Dwight Howard,http://www.spotrac.com/redirect/player/2640/,CHA,23500000,Cap Space,,
Nicolas Batum,http://www.spotrac.com/redirect/player/6149/,CHA,22434783,Bird,,
Marvin Williams,http://www.spotrac.com/redirect/player/2208/,CHA,13168750,Early Bird,,
Michael Kidd-Gilchrist,http://www.spotrac.com/redirect/player/10810/,CHA,13000000,Bird,,
Cody Zeller,http://www.spotrac.com/redirect/player/13317/,CHA,12584270,Bird,,
Kemba Walker,http://www.spotrac.com/redirect/player/8059/,CHA,12000000,Bird,,
Jeremy Lamb,http://www.spotrac.com/redirect/player/10820/,CHA,7000000,Bird,,
Malik Monk,http://www.spotrac.com/redirect/player/23606/,CHA,2904480,Rookie,,
Frank Kaminsky,http://www.spotrac.com/redirect/player/17837/,CHA,2847600,Rookie,,
Michael Carter-Williams,http://www.spotrac.com/redirect/player/13324/,CHA,2700000,MLE,,
Johnny O'Bryant,http://www.spotrac.com/redirect/player/15388/,CHA,1524305,Minimum,,
Julyan Stone,http://www.spotrac.com/redirect/player/8644/,CHA,1524305,Minimum,,
Treveon Graham,http://www.spotrac.com/redirect/player/18124/,CHA,1312611,Minimum,,
Dwayne Bacon,http://www.spotrac.com/redirect/player/23640/,CHA,815615,MLE,,
Robin Lopez,http://www.spotrac.com/redirect/player/6147/,CHI,13788500,Cap Space,,
Nikola Mirotic,http://www.spotrac.com/redirect/player/8074/,CHI,12980769,Cap Space,,True
Cristiano Felicio,http://www.spotrac.com/redirect/player/17990/,CHI,7843500,Cap Space,,
Justin Holiday,http://www.spotrac.com/redirect/player/11441/,CHI,4615385,MLE,,
Kris Dunn,http://www.spotrac.com/redirect/player/20210/,CHI,4046760,Rookie,,
Quincy Pondexter,http://www.spotrac.com/redirect/player/6908/,CHI,3853931,Bird,,
Laui Markkanen,http://www.spotrac.com/redirect/player/23602/,CHI,3821640,Rookie,,
Zach LaVine,http://www.spotrac.com/redirect/player/15365/,CHI,3202218,Rookie,,
Cameron Payne,http://www.spotrac.com/redirect/player/17842/,CHI,2203440,Rookie,,
Denzel Valentine,http://www.spotrac.com/redirect/player/20219/,CHI,2186400,Rookie,,
Jerian Grant,http://www.spotrac.com/redirect/player/17847/,CHI,1713840,Rookie,,
Bobby Portis,http://www.spotrac.com/redirect/player/17850/,CHI,1516320,Rookie,,
David Nwaba,http://www.spotrac.com/redirect/player/21577/,CHI,1312611,Minimum,,
Diamond Stone,http://www.spotrac.com/redirect/player/20246/,CHI,1312611,Minimum,,
Paul Zipser,http://www.spotrac.com/redirect/player/20254/,CHI,1312611,Minimum,,
Giannis Antetokounmpo,http://www.spotrac.com/redirect/player/13328/,MIL,22471910,Bird,,
Greg Monroe,http://www.spotrac.com/redirect/player/6889/,MIL,17884175,Cap Space,,
Khris Middleton,http://www.spotrac.com/redirect/player/10864/,MIL,14100000,Bird,,
John Henson,http://www.spotrac.com/redirect/player/10822/,MIL,11422536,Bird,,
Mirza Teletovic,http://www.spotrac.com/redirect/player/10905/,MIL,10500000,Cap Space,,
Tony Snell,http://www.spotrac.com/redirect/player/13333/,MIL,9821429,Bird,,
Matthew Dellavedova,http://www.spotrac.com/redirect/player/13478/,MIL,9607500,Cap Space,,
Jabari Parker,http://www.spotrac.com/redirect/player/15354/,MIL,6782392,Rookie,,
Thon Maker,http://www.spotrac.com/redirect/player/20215/,MIL,2684160,Rookie,,
Gerald Green,http://www.spotrac.com/redirect/player/6100/,MIL,2328652,Minimum,,
Jason Terry,http://www.spotrac.com/redirect/player/2281/,MIL,2328652,Minimum,,True
DJ Wilson,http://www.spotrac.com/redirect/player/23612/,MIL,2135040,Rookie,,
Rashad Vaughn,http://www.spotrac.com/redirect/player/17845/,MIL,1889040,Rookie,,
Malcolm Brogdon,http://www.spotrac.com/redirect/player/20242/,MIL,1312611,Cap Space,,
Gary Payton II,http://www.spotrac.com/redirect/player/20272/,MIL,1312611,Minimum,,
Sterling Brown,http://www.spotrac.com/redirect/player/23647/,MIL,815615,MLE,,
Mike Conley,http://www.spotrac.com/redirect/player/2532/,MEM,28530608,Bird,,
Chandler Parsons,http://www.spotrac.com/redirect/player/8090/,MEM,23112004,Cap Space,,
Marc Gasol,http://www.spotrac.com/redirect/player/6122/,MEM,22642350,Bird,True,
Brandan Wright,http://www.spotrac.com/redirect/player/2325/,MEM,5955760,MLE,True,
Ben McLemore,http://www.spotrac.com/redirect/player/13320/,MEM,5200000,MLE,,
Tyreke Evans,http://www.spotrac.com/redirect/player/6326/,MEM,3290000,Bi-Annual,,
James Ennis,http://www.spotrac.com/redirect/player/13363/,MEM,3028410,Room,,
Wade Baldwin,http://www.spotrac.com/redirect/player/20222/,MEM,1874400,Rookie,,
Mario Chalmers,http://www.spotrac.com/redirect/player/6128/,MEM,1471382,Minimum,,
Jarell Martin,http://www.spotrac.com/redirect/player/17853/,MEM,1471382,Rookie,,
Deyonta Davis,http://www.spotrac.com/redirect/player/20237/,MEM,1312611,Cap Space,,
Andrew Harrison,http://www.spotrac.com/redirect/player/17872/,MEM,1312611,Cap Space,,
Wayne Selden,http://www.spotrac.com/redirect/player/20921/,MEM,1312611,Minimum,,
Ivan Rabb,http://www.spotrac.com/redirect/player/23630/,MEM,950000,MLE,,
Rade Zagorac,http://www.spotrac.com/redirect/player/20241/,MEM,950000,MLE,,
Dillon Brooks,http://www.spotrac.com/redirect/player/23646/,MEM,815615,MLE,,
Jrue Holiday,http://www.spotrac.com/redirect/player/6316/,NOP,25656667,Bird,,
Anthony Davis,http://www.spotrac.com/redirect/player/10809/,NOP,23775506,Bird,True,
DeMarcus Cousins,http://www.spotrac.com/redirect/player/6886/,NOP,18063850,Bird,,
Solomon Hill,http://www.spotrac.com/redirect/player/13336/,NOP,12236535,Cap Space,,
Omer Asik,http://www.spotrac.com/redirect/player/7110/,NOP,10595505,Bird,,
E'Twaun Moore,http://www.spotrac.com/redirect/player/8107/,NOP,8445024,Cap Space,,
Alexis Ajinca,http://www.spotrac.com/redirect/player/6087/,NOP,4961798,Early Bird,,
Rajon Rondo,http://www.spotrac.com/redirect/player/2222/,NOP,3300000,MLE,,
Dante Cunningham,http://www.spotrac.com/redirect/player/6321/,NOP,2300000,,,
Darius Miller,http://www.spotrac.com/redirect/player/10871/,NOP,2100000,MLE,,
Jordan Crawford,http://www.spotrac.com/redirect/player/6909/,NOP,1709538,Minimum,,
Tony Allen,http://www.spotrac.com/redirect/player/2210/,NOP,1471382,Minimum,,
Ian Clark,http://www.spotrac.com/redirect/player/13442/,NOP,1471382,Minimum,,
Cheick Diallo,http://www.spotrac.com/redirect/player/20239/,NOP,1312611,Cap Space,,
Frank Jackson,http://www.spotrac.com/redirect/player/23626/,NOP,815615,MLE,,
Harrison Barnes,http://www.spotrac.com/redirect/player/10815/,DAL,23112004,Cap Space,True,
Wesley Matthews,http://www.spotrac.com/redirect/player/6489/,DAL,17884175,Cap Space,,
Dwight Powell,http://www.spotrac.com/redirect/player/15397/,DAL,9003125,Cap Space,,
Josh McRoberts,http://www.spotrac.com/redirect/player/2678/,DAL,6021175,Cap Space,,
Dirk Nowitzki,http://www.spotrac.com/redirect/player/2279/,DAL,5000000,Bird,,
Devin Harris,http://www.spotrac.com/redirect/player/2592/,DAL,4402546,Cap Space,,
Nerlens Noel,http://www.spotrac.com/redirect/player/13319/,DAL,4187598,,,
Jose Barea,http://www.spotrac.com/redirect/player/2269/,DAL,3903900,Cap Space,,
Dennis Smith Jr.,http://www.spotrac.com/redirect/player/23604/,DAL,3218280,Rookie,,
Seth Curry,http://www.spotrac.com/redirect/player/13512/,DAL,3028410,Room,,
Jeff Withey,http://www.spotrac.com/redirect/player/13352/,DAL,1577230,Minimum,,
Salah Mejri,http://www.spotrac.com/redirect/player/18067/,DAL,1471382,Cap Space,,
Maalik Wayns,http://www.spotrac.com/redirect/player/11099/,DAL,1471382,Minimum,,
Yogi Ferrell,http://www.spotrac.com/redirect/player/20283/,DAL,1312611,Minimum,,
Dorian Finney-Smith,http://www.spotrac.com/redirect/player/20757/,DAL,1312611,Cap Space,,
Brandon Ashley,http://www.spotrac.com/redirect/player/18054/,DAL,815615,Minimum,,
Gian Clavell,http://www.spotrac.com/redirect/player/24301/,DAL,815615,Minimum,,
P.J. Dozier,http://www.spotrac.com/redirect/player/23668/,DAL,815615,Minimum,,
Maxi Kleber,http://www.spotrac.com/redirect/player/24212/,DAL,815615,Minimum,,
Rudy Gobert,http://www.spotrac.com/redirect/player/13340/,UTA,21974719,Bird,,
Ricky Rubio,http://www.spotrac.com/redirect/player/6305/,UTA,14275000,Bird,,
Joe Ingles,http://www.spotrac.com/redirect/player/15852/,UTA,14136364,Bird,,
Derrick Favors,http://www.spotrac.com/redirect/player/6884/,UTA,12000000,Bird,,
Alec Burks,http://www.spotrac.com/redirect/player/8063/,UTA,10845506,Bird,,
Joe Johnson,http://www.spotrac.com/redirect/player/2200/,UTA,10505000,Cap Space,,
Thabo Sefolosha,http://www.spotrac.com/redirect/player/2250/,UTA,5250000,Cap Space,,
Dante Exum,http://www.spotrac.com/redirect/player/15357/,UTA,4992385,Rookie,,
Jonas Jerebko,http://www.spotrac.com/redirect/player/6285/,UTA,4000000,Cap Space,,
Ekpe Udoh,http://www.spotrac.com/redirect/player/8222/,UTA,3200000,Room,,
Donovan Mitchell,http://www.spotrac.com/redirect/player/23608/,UTA,2621280,Rookie,,
Rodney Hood,http://www.spotrac.com/redirect/player/15375/,UTA,2386864,Rookie,,
Raul Neto,http://www.spotrac.com/redirect/player/13360/,UTA,1471382,Cap Space,,
Tony Bradley,http://www.spotrac.com/redirect/player/23623/,UTA,1414920,Rookie,,
Joel Bolomboy,http://www.spotrac.com/redirect/player/20258/,UTA,1312611,Cap Space,,
Royce O'Neal,http://www.spotrac.com/redirect/player/24240/,UTA,815615,Cap Space,,
Damian Lillard,http://www.spotrac.com/redirect/player/10814/,POR,26153057,Bird,,
C.J. McCollum,http://www.spotrac.com/redirect/player/13323/,POR,23962572,Bird,,
Evan Turner,http://www.spotrac.com/redirect/player/6883/,POR,17131148,Cap Space,,
Maurice Harkless,http://www.spotrac.com/redirect/player/10823/,POR,10162921,Bird,,
Meyers Leonard,http://www.spotrac.com/redirect/player/10819/,POR,9904494,Bird,,
Al-Farouq Aminu,http://www.spotrac.com/redirect/player/6890/,POR,7319035,Cap Space,,
Ed Davis,http://www.spotrac.com/redirect/player/6895/,POR,6352531,Cap Space,,
Noah Vonleh,http://www.spotrac.com/redirect/player/15361/,POR,3505233,Rookie,,
Zach Collins,http://www.spotrac.com/redirect/player/23605/,POR,3057240,Rookie,,
Jusuf Nurkic,http://www.spotrac.com/redirect/player/15368/,POR,2947305,Rookie,,
Shabazz Napier,http://www.spotrac.com/redirect/player/15376/,POR,2361360,Rookie,,
Anthony Morrow,http://www.spotrac.com/redirect/player/6109/,POR,1471382,Minimum,,
Pat Connaughton,http://www.spotrac.com/redirect/player/17869/,POR,1471382,Cap Space,,
Caleb Swanigan,http://www.spotrac.com/redirect/player/23621/,POR,1465920,Rookie,,
Jake Layman,http://www.spotrac.com/redirect/player/20253/,POR,1312611,Cap Space,,
Gordon Hayward,http://www.spotrac.com/redirect/player/6891/,BOS,29727900,Cap Space,True,
Al Horford,http://www.spotrac.com/redirect/player/2199/,BOS,27734405,Cap Space,True,
Kyrie Irving,http://www.spotrac.com/redirect/player/8051/,BOS,18868625,Bird,True,
Jayson Tatum,http://www.spotrac.com/redirect/player/23598/,BOS,5645400,Rookie,,
Marcus Morris,http://www.spotrac.com/redirect/player/8065/,BOS,5000000,Bird,,
Jaylen Brown,http://www.spotrac.com/redirect/player/20208/,BOS,4956480,Rookie,,
Marcus Smart,http://www.spotrac.com/redirect/player/15358/,BOS,4538020,Rookie,,
Aron Baynes,http://www.spotrac.com/redirect/player/11850/,BOS,4328000,Room,,
Guerschon Yabusele,http://www.spotrac.com/redirect/player/20221/,BOS,2247480,Rookie,,
Terry Rozier,http://www.spotrac.com/redirect/player/17844/,BOS,1988520,Rookie,,
Shane Larkin,http://www.spotrac.com/redirect/player/13331/,BOS,1471382,Minimum,,
Semi Ojeleye,http://www.spotrac.com/redirect/player/23632/,BOS,1291892,Cap Space,,
Abdel Nader,http://www.spotrac.com/redirect/player/20264/,BOS,1167333,Cap Space,,
Daniel Dixon,http://www.spotrac.com/redirect/player/24389/,BOS,815615,Minimum,,
Daniel Theis,http://www.spotrac.com/redirect/player/23828/,BOS,815615,Minimum,,
Andrew White,http://www.spotrac.com/redirect/player/24383/,BOS,815615,Minimum,,
Kyle Lowry,http://www.spotrac.com/redirect/player/2536/,TOR,28703704,Bird,,
DeMar DeRozan,http://www.spotrac.com/redirect/player/6327/,TOR,27739975,Bird,,
Serge Ibaka,http://www.spotrac.com/redirect/player/6313/,TOR,20061728,Bird,,
Jonas Valanciunas,http://www.spotrac.com/redirect/player/8055/,TOR,15460674,Bird,,
C.J. Miles,http://www.spotrac.com/redirect/player/2753/,TOR,7936508,MLE,,
Lucas Nogueira,http://www.spotrac.com/redirect/player/13329/,TOR,2947305,Rookie,,
Jakob Poeltl,http://www.spotrac.com/redirect/player/20214/,TOR,2825640,Rookie,,
Bruno Caboclo,http://www.spotrac.com/redirect/player/15372/,TOR,2451225,Rookie,,
OG Anunoby,http://www.spotrac.com/redirect/player/23618/,TOR,1645200,Rookie,,
Delon Wright,http://www.spotrac.com/redirect/player/17848/,TOR,1645200,Rookie,,
K.J. McDaniels,http://www.spotrac.com/redirect/player/15384/,TOR,1471382,Minimum,,
Norman Powell,http://www.spotrac.com/redirect/player/17874/,TOR,1471382,Cap Space,,
Fred VanVleet,http://www.spotrac.com/redirect/player/20778/,TOR,1312611,Minimum,,
Pascal Siakam,http://www.spotrac.com/redirect/player/20232/,TOR,1249920,Rookie,,
Alfonzo McKinnie,http://www.spotrac.com/redirect/player/24106/,TOR,815615,Minimum,,
George Hill,http://www.spotrac.com/redirect/player/6154/,SAC,20000000,Cap Space,,
Zach Randolph,http://www.spotrac.com/redirect/player/2626/,SAC,12307692,Cap Space,,
Bogdan Bogdanovic,http://www.spotrac.com/redirect/player/15379/,SAC,9470614,Cap Space,,
Kosta Koufos,http://www.spotrac.com/redirect/player/6254/,SAC,8393000,Cap Space,,
Vince Carter,http://www.spotrac.com/redirect/player/2590/,SAC,8000000,Cap Space,,
Garrett Temple,http://www.spotrac.com/redirect/player/6492/,SAC,8000000,Cap Space,,
De'Aaron Fox,http://www.spotrac.com/redirect/player/23600/,SAC,4609200,Rookie,,
Willie Cauley-Stein,http://www.spotrac.com/redirect/player/17834/,SAC,3704160,Rookie,,
Buddy Hield,http://www.spotrac.com/redirect/player/20211/,SAC,3675480,Rookie,,
Justin Jackson,http://www.spotrac.com/redirect/player/23610/,SAC,2365560,Rookie,,
Georgios Papagiannis,http://www.spotrac.com/redirect/player/20218/,SAC,2301360,Rookie,,
Harry Giles,http://www.spotrac.com/redirect/player/23615/,SAC,1859400,Rookie,,
Malachi Richardson,http://www.spotrac.com/redirect/player/20227/,SAC,1504560,Rookie,,
Skal Labissiere,http://www.spotrac.com/redirect/player/20233/,SAC,1242240,Rookie,,
Frank Mason,http://www.spotrac.com/redirect/player/23629/,SAC,1184385,Cap Space,,
Russell Westbrook,http://www.spotrac.com/redirect/player/6141/,OKC,28530608,Bird,True,
Carmelo Anthony,http://www.spotrac.com/redirect/player/2283/,OKC,26243760,Bird,True,
Steven Adams,http://www.spotrac.com/redirect/player/13325/,OKC,22471910,Bird,True,
Paul George,http://www.spotrac.com/redirect/player/6892/,OKC,19508958,Bird,,
Andre Roberson,http://www.spotrac.com/redirect/player/13339/,OKC,9259260,Bird,,
Alex Abrines,http://www.spotrac.com/redirect/player/13345/,OKC,5725000,Cap Space,,
Patrick Patterson,http://www.spotrac.com/redirect/player/6896/,OKC,5192000,Mini MLE,,
Kyle Singler,http://www.spotrac.com/redirect/player/8085/,OKC,4666500,Bird,,
Terrance Ferguson,http://www.spotrac.com/redirect/player/23616/,OKC,1785000,Rookie,,
Jerami Grant,http://www.spotrac.com/redirect/player/15391/,OKC,1524305,Cap Space,,
Nick Collison,http://www.spotrac.com/redirect/player/2715/,OKC,1471382,Minimum,,True
Raymond Felton,http://www.spotrac.com/redirect/player/2229/,OKC,1471382,Minimum,,
Josh Huestis,http://www.spotrac.com/redirect/player/15381/,OKC,1471382,Rookie,,
Semaj Christon,http://www.spotrac.com/redirect/player/15407/,OKC,1312611,Cap Space,,
Dakari Johnson,http://www.spotrac.com/redirect/player/17876/,OKC,815615,Minimum,,
Allen Crabbe,http://www.spotrac.com/redirect/player/13344/,BKN,19332500,Cap Space,True,
Timofey Mozgov,http://www.spotrac.com/redirect/player/7118/,BKN,15280000,Cap Space,,
DeMarre Carroll,http://www.spotrac.com/redirect/player/6294/,BKN,14800000,Cap Space,,
Jeremy Lin,http://www.spotrac.com/redirect/player/7115/,BKN,12000000,Cap Space,True,
Trevor Booker,http://www.spotrac.com/redirect/player/6905/,BKN,9125000,Cap Space,,
D'Angelo Russell,http://www.spotrac.com/redirect/player/17830/,BKN,5562360,Rookie,,
Jarrett Allen,http://www.spotrac.com/redirect/player/23617/,BKN,1713720,Rookie,,
Quincy Acy,http://www.spotrac.com/redirect/player/10862/,BKN,1709538,Cap Space,,
Tyler Zeller,http://www.spotrac.com/redirect/player/10825/,BKN,1709538,,,
Caris LeVert,http://www.spotrac.com/redirect/player/20225/,BKN,1632480,Rookie,,
Spencer Dinwiddie,http://www.spotrac.com/redirect/player/15390/,BKN,1524305,Cap Space,,
Joe Harris,http://www.spotrac.com/redirect/player/15385/,BKN,1524305,Minimum,,
Sean Kilpatrick,http://www.spotrac.com/redirect/player/15922/,BKN,1524305,Minimum,,
Rondae Hollis-Jefferson,http://www.spotrac.com/redirect/player/17851/,BKN,1471382,Rookie,,
Isaiah Whitehead,http://www.spotrac.com/redirect/player/20248/,BKN,1312611,Cap Space,,
Jimmy Butler,http://www.spotrac.com/redirect/player/8081/,MIN,19301070,Bird,True,
Jeff Teague,http://www.spotrac.com/redirect/player/6272/,MIN,19000000,Cap Space,,
Gorgui Dieng,http://www.spotrac.com/redirect/player/13334/,MIN,14112360,Bird,,
Taj Gibson,http://www.spotrac.com/redirect/player/6278/,MIN,14000000,Cap Space,,
Andrew Wiggins,http://www.spotrac.com/redirect/player/15353/,MIN,7574323,Rookie,,
Cole Aldrich,http://www.spotrac.com/redirect/player/6893/,MIN,7300000,Cap Space,,
Karl-Anthony Towns,http://www.spotrac.com/redirect/player/17829/,MIN,6216840,Rookie,,
Jamal Crawford,http://www.spotrac.com/redirect/player/2618/,MIN,4328000,Room,,
Nemanja Bjelica,http://www.spotrac.com/redirect/player/6917/,MIN,3949999,MLE,,
Justin Patton,http://www.spotrac.com/redirect/player/23611/,MIN,2247480,Rookie,,
Aaron Brooks,http://www.spotrac.com/redirect/player/2390/,MIN,2116955,Minimum,,
Shabazz Muhammad,http://www.spotrac.com/redirect/player/13327/,MIN,1577230,Minimum,,
Tyus Jones,http://www.spotrac.com/redirect/player/17852/,MIN,1471382,Rookie,,
Marcus Georges-Hunt,http://www.spotrac.com/redirect/player/20982/,MIN,1312611,Minimum,,
Eric Bledsoe,http://www.spotrac.com/redirect/player/6900/,PHX,14500000,Bird,,
Brandon Knight,http://www.spotrac.com/redirect/player/8058/,PHX,13618750,Bird,,
Tyson Chandler,http://www.spotrac.com/redirect/player/2605/,PHX,13000000,Cap Space,,
Jared Dudley,http://www.spotrac.com/redirect/player/2228/,PHX,10000000,Cap Space,,
Alan Williams,http://www.spotrac.com/redirect/player/18820/,PHX,6000000,Cap Space,,
Josh Jackson,http://www.spotrac.com/redirect/player/23599/,PHX,5090040,Rookie,,
Dragan Bender,http://www.spotrac.com/redirect/player/20209/,PHX,4468800,Rookie,,
Alex Len,http://www.spotrac.com/redirect/player/13318/,PHX,4187598,,,True
Troy Daniels,http://www.spotrac.com/redirect/player/13383/,PHX,3408520,Cap Space,,
T.J. Warren,http://www.spotrac.com/redirect/player/15366/,PHX,3152931,Rookie,,
Marquese Chriss,http://www.spotrac.com/redirect/player/20213/,PHX,3073800,Rookie,,
Devin Booker,http://www.spotrac.com/redirect/player/17841/,PHX,2319360,Rookie,,
Elijah Millsap,http://www.spotrac.com/redirect/player/15823/,PHX,1524305,Minimum,,
Derrick Jones Jr.,http://www.spotrac.com/redirect/player/21067/,PHX,1312611,Cap Space,,
Tyler Ulis,http://www.spotrac.com/redirect/player/20240/,PHX,1312611,Cap Space,,
Davon Reed,http://www.spotrac.com/redirect/player/23627/,PHX,815615,Cap Space,,
Hassan Whiteside,http://www.spotrac.com/redirect/player/6915/,MIA,23775506,Cap Space,,
Goran Dragic,http://www.spotrac.com/redirect/player/6146/,MIA,17000450,Bird,,
James Johnson,http://www.spotrac.com/redirect/player/6279/,MIA,13954000,Cap Space,,
Dion Waiters,http://www.spotrac.com/redirect/player/10812/,MIA,11000000,Cap Space,,
Kelly Olynyk,http://www.spotrac.com/redirect/player/13326/,MIA,10607169,Cap Space,True,
Wayne Ellington,http://www.spotrac.com/redirect/player/6302/,MIA,6270000,Cap Space,,
Tyler Johnson,http://www.spotrac.com/redirect/player/15645/,MIA,5881260,Cap Space,True,
Justise Winslow,http://www.spotrac.com/redirect/player/17838/,MIA,2705040,Rookie,,
Edrice Adebayo,http://www.spotrac.com/redirect/player/23609/,MIA,2490360,Rookie,,
Udonis Haslem,http://www.spotrac.com/redirect/player/2549/,MIA,2328652,Minimum,,True
Jordan Mickey,http://www.spotrac.com/redirect/player/17861/,MIA,1471382,Minimum,,
Larry Drew II,http://www.spotrac.com/redirect/player/13563/,MIA,1312611,Minimum,,
A.J. Hammons,http://www.spotrac.com/redirect/player/20252/,MIA,1312611,Cap Space,,
Rodney McGruder,http://www.spotrac.com/redirect/player/13575/,MIA,1312611,Cap Space,,
Okaro White,http://www.spotrac.com/redirect/player/20798/,MIA,1312611,Minimum,,
LeBron James,http://www.spotrac.com/redirect/player/2257/,CLE,33285709,Early Bird,,
Kevin Love,http://www.spotrac.com/redirect/player/6132/,CLE,22642350,Bird,,
Tristan Thompson,http://www.spotrac.com/redirect/player/8054/,CLE,16400000,Bird,,
J.R. Smith,http://www.spotrac.com/redirect/player/2296/,CLE,13760000,Bird,,
Iman Shumpert,http://www.spotrac.com/redirect/player/8068/,CLE,10337079,Bird,,
Channing Frye,http://www.spotrac.com/redirect/player/2674/,CLE,7420912,Cap Space,,
Kyle Korver,http://www.spotrac.com/redirect/player/2752/,CLE,7000000,Bird,,
Jae Crowder,http://www.spotrac.com/redirect/player/10859/,CLE,6796117,Bird,,
Isaiah Thomas,http://www.spotrac.com/redirect/player/8111/,CLE,6261395,Cap Space,,
Cedi Osman,http://www.spotrac.com/redirect/player/17859/,CLE,2634921,Mini MLE,,
Richard Jefferson,http://www.spotrac.com/redirect/player/2594/,CLE,2500000,Mini MLE,,
Ante Zizic,http://www.spotrac.com/redirect/player/20228/,CLE,1645200,Rookie,,
Jose Calderon,http://www.spotrac.com/redirect/player/2734/,CLE,1471382,Minimum,,
Jeff Green,http://www.spotrac.com/redirect/player/2720/,CLE,1471382,Minimum,,
Dwyane Wade,http://www.spotrac.com/redirect/player/2556/,CLE,1471382,Minimum,,
Derrick Rose,http://www.spotrac.com/redirect/player/6095/,CLE,1471382,Minimum,,
Walter Tavares,http://www.spotrac.com/redirect/player/15395/,CLE,1471382,Minimum,,
Kay Felder,http://www.spotrac.com/redirect/player/20260/,CLE,1312611,Mini MLE,,
